epoch,time,train/box_loss,train/cls_loss,train/dfl_loss,metrics/precision(B),metrics/recall(B),metrics/mAP50(B),metrics/mAP50-95(B),val/box_loss,val/cls_loss,val/dfl_loss,lr/pg0,lr/pg1,lr/pg2
1,50.0558,2.13745,3.89121,2.02588,0.00362,1,0.33379,0.12291,1.70458,4.12922,1.75868,0.00012861,0.00012861,0.00012861
2,83.3828,1.59967,3.49633,1.66521,0.00484,0.94444,0.50672,0.27709,1.25569,3.83218,1.40557,0.000269718,0.000269718,0.000269718
3,114.468,1.54457,3.10552,1.54497,0.004,1,0.69839,0.48359,1.07593,3.6215,1.27391,0.00040894,0.00040894,0.00040894
4,144.338,1.36962,2.52175,1.38867,0.00324,1,0.6999,0.44496,1.23217,3.50736,1.48484,0.000546275,0.000546275,0.000546275
5,174.112,1.33621,2.18303,1.40395,0.16065,0.88889,0.71826,0.42677,1.47011,3.33559,1.73608,0.000681724,0.000681724,0.000681724
6,203.655,1.30537,2.04398,1.37641,0.85087,0.38889,0.79953,0.512,1.25012,3.04162,1.5465,0.000815287,0.000815287,0.000815287
7,233.239,1.42173,2.0165,1.44695,0.85087,0.38889,0.79953,0.512,1.25012,3.04162,1.5465,0.000946964,0.000946964,0.000946964
8,262.936,1.2547,2.06279,1.31629,0.8728,0.38022,0.85645,0.53677,1.23516,3.0935,1.55393,0.00107675,0.00107675,0.00107675
9,294.016,1.39938,2.0653,1.30745,0.81949,0.75292,0.78853,0.53409,1.31443,2.56373,1.51473,0.00120466,0.00120466,0.00120466
10,323.723,1.45175,1.95666,1.30038,0.81949,0.75292,0.78853,0.53409,1.31443,2.56373,1.51473,0.00133068,0.00133068,0.00133068
11,353.403,1.21255,1.88167,1.25627,0.59804,0.74241,0.76012,0.48109,1.47389,2.68701,1.67773,0.00133469,0.00133469,0.00133469
12,382.831,1.27654,2.01708,1.25845,0.45142,0.82417,0.68516,0.39394,1.63507,3.92231,1.82388,0.00132525,0.00132525,0.00132525
13,412.241,1.23218,1.75438,1.29176,0.45142,0.82417,0.68516,0.39394,1.63507,3.92231,1.82388,0.00131582,0.00131582,0.00131582
14,442.077,1.14066,1.72967,1.25852,0.60114,0.57911,0.68084,0.45218,1.5894,3.01017,1.80882,0.00130639,0.00130639,0.00130639
15,471.276,1.23123,1.78582,1.29911,0.96492,0.66667,0.74005,0.51884,1.37983,2.44986,1.56682,0.00129696,0.00129696,0.00129696
16,501.497,1.22444,1.89752,1.37481,0.96492,0.66667,0.74005,0.51884,1.37983,2.44986,1.56682,0.00128753,0.00128753,0.00128753
17,531.474,1.15986,1.76198,1.32149,0.94191,0.72222,0.77066,0.49665,1.47306,2.91362,1.67268,0.0012781,0.0012781,0.0012781
18,560.972,1.20658,1.639,1.24626,0.94191,0.72222,0.77066,0.49665,1.47306,2.91362,1.67268,0.00126867,0.00126867,0.00126867
19,590.414,1.2287,1.69744,1.32617,0.79296,0.6298,0.8022,0.53316,1.28694,2.72717,1.51931,0.00125923,0.00125923,0.00125923
20,619.543,1.23154,1.63862,1.3198,0.9128,0.64182,0.7558,0.49165,1.46816,2.72604,1.80511,0.0012498,0.0012498,0.0012498
21,652.126,1.10863,1.6067,1.2666,0.9128,0.64182,0.7558,0.49165,1.46816,2.72604,1.80511,0.00124037,0.00124037,0.00124037
22,684.886,1.17635,1.62276,1.23514,0.94141,0.66667,0.73509,0.44578,1.61374,3.61482,1.99443,0.00123094,0.00123094,0.00123094
23,714.447,1.06306,1.70203,1.17795,0.95202,0.72222,0.84517,0.50364,1.46681,2.53387,1.81393,0.00122151,0.00122151,0.00122151
24,743.744,1.19674,1.58726,1.2451,0.95202,0.72222,0.84517,0.50364,1.46681,2.53387,1.81393,0.00121208,0.00121208,0.00121208
25,773.269,1.18553,1.73915,1.2834,0.7889,0.88889,0.86527,0.59187,1.25342,2.38054,1.49892,0.00120265,0.00120265,0.00120265
26,803.059,1.16682,1.67798,1.19663,0.7889,0.88889,0.86527,0.59187,1.25342,2.38054,1.49892,0.00119322,0.00119322,0.00119322
27,832.849,1.25536,1.53924,1.29218,0.92677,0.85702,0.86163,0.57738,1.31421,2.1957,1.46503,0.00118378,0.00118378,0.00118378
28,862.317,1.20893,1.70487,1.29072,0.84981,0.86848,0.86212,0.54182,1.4399,2.085,1.62648,0.00117435,0.00117435,0.00117435
29,891.34,1.16216,1.50544,1.2547,0.84981,0.86848,0.86212,0.54182,1.4399,2.085,1.62648,0.00116492,0.00116492,0.00116492
30,920.585,1.18147,1.52167,1.26476,0.885,0.83333,0.81753,0.54387,1.4726,2.07624,1.6479,0.00115549,0.00115549,0.00115549
31,949.881,1.19369,1.50515,1.22758,0.713,0.83333,0.81287,0.56267,1.35331,2.02997,1.50801,0.00114606,0.00114606,0.00114606
32,978.743,1.0709,1.5579,1.23763,0.713,0.83333,0.81287,0.56267,1.35331,2.02997,1.50801,0.00113663,0.00113663,0.00113663
33,1008.31,1.14388,1.50194,1.20272,0.82507,0.72222,0.75992,0.50626,1.39079,2.05903,1.44317,0.0011272,0.0011272,0.0011272
34,1037.76,1.01016,1.43941,1.15411,0.82507,0.72222,0.75992,0.50626,1.39079,2.05903,1.44317,0.00111776,0.00111776,0.00111776
35,1067.26,1.06769,1.32263,1.17781,0.73522,0.83333,0.77649,0.46988,1.52613,1.99186,1.54865,0.00110833,0.00110833,0.00110833
36,1096.64,1.16053,1.52811,1.211,0.82041,0.72222,0.76723,0.49169,1.56928,2.01972,1.62598,0.0010989,0.0010989,0.0010989
37,1125.61,1.02214,1.32716,1.19843,0.82041,0.72222,0.76723,0.49169,1.56928,2.01972,1.62598,0.00108947,0.00108947,0.00108947
38,1154.73,1.12379,1.35537,1.21898,0.85878,0.72222,0.73994,0.53018,1.49574,2.06011,1.61131,0.00108004,0.00108004,0.00108004
39,1184.18,1.04427,1.32893,1.20412,0.88435,0.72222,0.72825,0.518,1.35465,2.33016,1.53633,0.00107061,0.00107061,0.00107061
40,1213.74,1.11922,1.39695,1.15813,0.88435,0.72222,0.72825,0.518,1.35465,2.33016,1.53633,0.00106118,0.00106118,0.00106118
41,1243.19,1.07442,1.27256,1.21423,0.91048,0.72193,0.72513,0.52015,1.34725,2.20835,1.56016,0.00105174,0.00105174,0.00105174
42,1272.11,1.05604,1.36522,1.18636,0.91048,0.72193,0.72513,0.52015,1.34725,2.20835,1.56016,0.00104231,0.00104231,0.00104231
43,1301.67,1.00055,1.27233,1.21464,0.95271,0.72222,0.72848,0.53373,1.29817,1.98075,1.50141,0.00103288,0.00103288,0.00103288
44,1330.81,0.95779,1.18947,1.18619,0.94496,0.72222,0.73449,0.5618,1.27922,1.89225,1.45125,0.00102345,0.00102345,0.00102345
45,1359.85,1.05289,1.36728,1.23434,0.94496,0.72222,0.73449,0.5618,1.27922,1.89225,1.45125,0.00101402,0.00101402,0.00101402
46,1389.43,1.06918,1.22075,1.20277,0.93006,0.71813,0.73421,0.52996,1.30244,1.93193,1.45891,0.00100459,0.00100459,0.00100459
47,1418.97,1.04377,1.33778,1.16112,0.96382,0.66667,0.7121,0.5293,1.27323,1.95677,1.46546,0.000995156,0.000995156,0.000995156
48,1448.09,1.01545,1.23935,1.214,0.96382,0.66667,0.7121,0.5293,1.27323,1.95677,1.46546,0.000985724,0.000985724,0.000985724
49,1477.45,0.94532,1.12805,1.16548,0.9419,0.66667,0.69341,0.49998,1.31412,2.00255,1.4993,0.000976293,0.000976293,0.000976293
50,1506.33,1.06766,1.1784,1.16492,0.9419,0.66667,0.69341,0.49998,1.31412,2.00255,1.4993,0.000966861,0.000966861,0.000966861
51,1536.21,1.09928,1.23001,1.1699,0.81397,0.72222,0.71775,0.50611,1.33184,2.01326,1.51487,0.00095743,0.00095743,0.00095743
52,1568.22,1.0455,1.20962,1.16387,0.96822,0.72222,0.73899,0.51418,1.31527,1.93076,1.45646,0.000947999,0.000947999,0.000947999
53,1597.44,0.95956,1.16469,1.11963,0.96822,0.72222,0.73899,0.51418,1.31527,1.93076,1.45646,0.000938567,0.000938567,0.000938567
54,1626.4,1.01276,1.19609,1.16406,0.88855,0.71325,0.73771,0.49969,1.3538,2.02759,1.47404,0.000929136,0.000929136,0.000929136
55,1655.46,1.02601,1.16168,1.17513,0.85125,0.72222,0.73392,0.49514,1.38105,2.01194,1.52013,0.000919704,0.000919704,0.000919704
56,1684.43,0.97671,1.18961,1.13397,0.85125,0.72222,0.73392,0.49514,1.38105,2.01194,1.52013,0.000910273,0.000910273,0.000910273
57,1714.22,0.97802,1.0789,1.12903,0.89041,0.68202,0.73295,0.48444,1.52795,2.05009,1.6364,0.000900842,0.000900842,0.000900842
58,1743.34,0.95267,1.14335,1.14811,0.89041,0.68202,0.73295,0.48444,1.52795,2.05009,1.6364,0.00089141,0.00089141,0.00089141
59,1772.62,1.06102,1.21669,1.18902,0.92595,0.68474,0.7288,0.48473,1.53516,2.08244,1.63627,0.000881979,0.000881979,0.000881979
60,1801.73,0.92855,1.09521,1.14669,0.93231,0.6885,0.7316,0.51419,1.47112,1.89282,1.58793,0.000872547,0.000872547,0.000872547
61,1830.64,0.93124,1.09322,1.19013,0.93231,0.6885,0.7316,0.51419,1.47112,1.89282,1.58793,0.000863116,0.000863116,0.000863116
62,1859.99,0.9332,1.07761,1.13197,0.96254,0.72072,0.73495,0.51229,1.43985,1.79821,1.55811,0.000853685,0.000853685,0.000853685
63,1891.3,0.94227,1.0564,1.13223,0.97399,0.72222,0.73001,0.49912,1.32984,1.78959,1.4947,0.000844253,0.000844253,0.000844253
64,1977.51,0.96511,1.16906,1.18462,0.97399,0.72222,0.73001,0.49912,1.32984,1.78959,1.4947,0.000834822,0.000834822,0.000834822
65,2011.09,0.94272,1.08341,1.1418,0.97369,0.72222,0.72934,0.49869,1.37506,1.77289,1.51081,0.00082539,0.00082539,0.00082539
66,2040.9,1.01414,1.2282,1.24934,0.97369,0.72222,0.72934,0.49869,1.37506,1.77289,1.51081,0.000815959,0.000815959,0.000815959
67,2070.37,0.99097,1.18726,1.16257,0.9696,0.72222,0.73721,0.50119,1.40581,1.74939,1.50743,0.000806528,0.000806528,0.000806528
68,2099.57,0.96932,1.11645,1.15739,0.96575,0.72222,0.72988,0.51972,1.36767,1.76238,1.48324,0.000797096,0.000797096,0.000797096
69,2128.6,0.95327,1.03342,1.17104,0.96575,0.72222,0.72988,0.51972,1.36767,1.76238,1.48324,0.000787665,0.000787665,0.000787665
70,2158.37,0.85711,1.06564,1.12483,0.97306,0.72222,0.74056,0.53784,1.30415,1.72153,1.46139,0.000778233,0.000778233,0.000778233
71,2187.83,0.91216,0.97933,1.11435,0.97995,0.72222,0.76295,0.53392,1.19742,1.71024,1.43369,0.000768802,0.000768802,0.000768802
72,2217.37,0.94494,1.0724,1.16153,0.97995,0.72222,0.76295,0.53392,1.19742,1.71024,1.43369,0.000759371,0.000759371,0.000759371
73,2246.29,0.88478,1.01889,1.08594,0.96489,0.72222,0.7633,0.54402,1.21984,1.72132,1.43569,0.000749939,0.000749939,0.000749939
74,2275.62,0.84577,0.96527,1.10751,0.96489,0.72222,0.7633,0.54402,1.21984,1.72132,1.43569,0.000740508,0.000740508,0.000740508
75,2305.73,0.94196,1.09216,1.18318,0.95961,0.72222,0.76381,0.53227,1.30557,1.68668,1.49084,0.000731076,0.000731076,0.000731076
76,2335.03,0.96492,0.93855,1.11379,0.95661,0.72222,0.7723,0.52079,1.35239,1.68246,1.44463,0.000721645,0.000721645,0.000721645
77,2364.35,0.97256,1.16387,1.23631,0.95661,0.72222,0.7723,0.52079,1.35239,1.68246,1.44463,0.000712214,0.000712214,0.000712214
78,2393.73,0.86171,1.03838,1.09813,0.94636,0.72222,0.77777,0.54592,1.35403,1.74366,1.4534,0.000702782,0.000702782,0.000702782
79,2422.76,0.75293,0.95664,1.05492,0.94395,0.72222,0.79833,0.56231,1.28689,1.69735,1.39466,0.000693351,0.000693351,0.000693351
80,2476.38,0.76439,0.95318,1.06849,0.94395,0.72222,0.79833,0.56231,1.28689,1.69735,1.39466,0.000683919,0.000683919,0.000683919
81,2533.49,0.93242,0.97729,1.13417,0.95323,0.71874,0.80374,0.56381,1.30059,1.65622,1.42961,0.000674488,0.000674488,0.000674488
82,2585.04,0.82813,1.01842,1.1209,0.95323,0.71874,0.80374,0.56381,1.30059,1.65622,1.42961,0.000665057,0.000665057,0.000665057
83,2640.47,0.81877,0.94329,1.09696,0.91455,0.77778,0.8225,0.56763,1.23356,1.66489,1.40027,0.000655625,0.000655625,0.000655625
84,2695.87,0.76957,0.98141,1.08103,0.92706,0.77778,0.8254,0.57192,1.26195,1.62691,1.41419,0.000646194,0.000646194,0.000646194
85,2738.4,0.85424,0.97572,1.11443,0.92706,0.77778,0.8254,0.57192,1.26195,1.62691,1.41419,0.000636762,0.000636762,0.000636762
86,2771.7,0.84134,0.92039,1.05425,0.96479,0.72146,0.75425,0.53482,1.32514,1.65681,1.49478,0.000627331,0.000627331,0.000627331
87,2827.53,0.86387,0.91472,1.03911,0.96268,0.72175,0.75519,0.53851,1.33562,1.62477,1.50869,0.0006179,0.0006179,0.0006179
88,2879.47,0.8781,0.86842,1.06895,0.96268,0.72175,0.75519,0.53851,1.33562,1.62477,1.50869,0.000608468,0.000608468,0.000608468
89,2940.36,0.82609,0.88265,1.08259,0.94365,0.77778,0.8175,0.58012,1.31127,1.60328,1.4974,0.000599037,0.000599037,0.000599037
90,3003.11,0.82325,0.85323,1.08258,0.94365,0.77778,0.8175,0.58012,1.31127,1.60328,1.4974,0.000589605,0.000589605,0.000589605
91,3057.62,0.75255,0.87361,1.0438,0.84655,0.77209,0.8004,0.58174,1.20059,1.57473,1.42297,0.000580174,0.000580174,0.000580174
92,3086.62,0.7604,0.88693,1.02747,0.96379,0.72222,0.80044,0.58685,1.28448,1.54095,1.46297,0.000570743,0.000570743,0.000570743
93,3115.45,0.8304,0.95935,1.08323,0.96379,0.72222,0.80044,0.58685,1.28448,1.54095,1.46297,0.000561311,0.000561311,0.000561311
94,3144.43,0.84117,1.02194,1.13478,0.96455,0.72222,0.79939,0.57003,1.30049,1.54139,1.48107,0.00055188,0.00055188,0.00055188
95,3173.79,0.73961,0.8434,1.02399,0.97398,0.72222,0.7926,0.56956,1.31381,1.52349,1.50277,0.000542448,0.000542448,0.000542448
96,3202.35,0.83452,0.99111,1.09927,0.97398,0.72222,0.7926,0.56956,1.31381,1.52349,1.50277,0.000533017,0.000533017,0.000533017
97,3231.67,0.8068,0.89064,1.07401,0.97403,0.72222,0.79007,0.56064,1.35478,1.60624,1.53111,0.000523586,0.000523586,0.000523586
98,3260.9,0.8358,0.96631,1.0953,0.97403,0.72222,0.79007,0.56064,1.35478,1.60624,1.53111,0.000514154,0.000514154,0.000514154
99,3290.12,0.78772,0.90535,1.08704,0.93339,0.77027,0.79659,0.55216,1.38134,1.638,1.54441,0.000504723,0.000504723,0.000504723
100,3319.29,0.87564,1.02552,1.13268,0.89851,0.77778,0.79772,0.5615,1.36916,1.63641,1.5191,0.000495291,0.000495291,0.000495291
101,3348.43,0.83439,1.09585,1.10314,0.89851,0.77778,0.79772,0.5615,1.36916,1.63641,1.5191,0.00048586,0.00048586,0.00048586
102,3377.88,0.80923,0.89026,1.1235,0.8402,0.77778,0.77075,0.54704,1.32284,1.62385,1.48726,0.000476429,0.000476429,0.000476429
103,3407.23,0.7875,0.85281,1.05166,0.95142,0.7194,0.77174,0.53677,1.34095,1.64898,1.50838,0.000466997,0.000466997,0.000466997
104,3436.45,0.7162,0.77968,0.97744,0.95142,0.7194,0.77174,0.53677,1.34095,1.64898,1.50838,0.000457566,0.000457566,0.000457566
105,3465.27,0.79236,0.91872,1.05355,0.9543,0.72044,0.77235,0.55561,1.27648,1.60828,1.4531,0.000448134,0.000448134,0.000448134
106,3494.29,0.84036,0.88012,1.0798,0.9543,0.72044,0.77235,0.55561,1.27648,1.60828,1.4531,0.000438703,0.000438703,0.000438703
107,3523.81,0.78952,0.78948,0.9864,0.96099,0.72077,0.78572,0.56971,1.23418,1.57526,1.41759,0.000429272,0.000429272,0.000429272
108,3554.38,0.73011,0.81986,1.02952,0.96589,0.72203,0.79601,0.5757,1.28795,1.59398,1.45891,0.00041984,0.00041984,0.00041984
109,3583.7,0.80015,0.85996,1.07464,0.96589,0.72203,0.79601,0.5757,1.28795,1.59398,1.45891,0.000410409,0.000410409,0.000410409
110,3612.91,0.81618,0.88683,1.07621,0.96276,0.72222,0.79075,0.57534,1.2629,1.56133,1.44443,0.000400977,0.000400977,0.000400977
111,3641.85,0.78516,0.91732,1.06003,0.9642,0.72222,0.79668,0.5746,1.30742,1.56467,1.47375,0.000391546,0.000391546,0.000391546
112,3670.89,0.76221,0.79777,1.04629,0.9642,0.72222,0.79668,0.5746,1.30742,1.56467,1.47375,0.000382115,0.000382115,0.000382115
113,3700.02,0.7819,0.84763,1.02345,0.96698,0.72222,0.79901,0.58803,1.31547,1.55541,1.48232,0.000372683,0.000372683,0.000372683
114,3729,0.75407,0.83906,1.01787,0.96698,0.72222,0.79901,0.58803,1.31547,1.55541,1.48232,0.000363252,0.000363252,0.000363252
115,3773.79,0.8094,0.83258,1.08662,0.96879,0.72222,0.80003,0.56172,1.33616,1.58396,1.50061,0.00035382,0.00035382,0.00035382
116,3833.05,0.77312,0.90813,1.05512,0.96807,0.72222,0.77949,0.55477,1.3555,1.5328,1.46989,0.000344389,0.000344389,0.000344389
117,3889.87,0.74314,0.91467,1.02925,0.96807,0.72222,0.77949,0.55477,1.3555,1.5328,1.46989,0.000334958,0.000334958,0.000334958
118,3937.27,0.65717,0.75807,0.99202,0.96935,0.72222,0.77824,0.55539,1.35051,1.48485,1.45267,0.000325526,0.000325526,0.000325526
119,3966.68,0.73473,0.83441,1.03422,0.96842,0.72222,0.80463,0.56577,1.33918,1.40241,1.42455,0.000316095,0.000316095,0.000316095
120,3995.64,0.7479,0.83431,1.02945,0.96842,0.72222,0.80463,0.56577,1.33918,1.40241,1.42455,0.000306663,0.000306663,0.000306663
121,4028.53,0.70575,0.8654,1.00096,0.77197,0.83333,0.80722,0.55699,1.31959,1.36758,1.39894,0.000297232,0.000297232,0.000297232
122,4084.82,0.78006,0.81746,1.03021,0.77197,0.83333,0.80722,0.55699,1.31959,1.36758,1.39894,0.000287801,0.000287801,0.000287801
123,4135.94,0.77881,0.8558,1.06167,0.96404,0.72222,0.80083,0.54365,1.31347,1.36215,1.40337,0.000278369,0.000278369,0.000278369
124,4185.54,0.82616,0.94248,1.01706,0.95941,0.72222,0.80079,0.5559,1.3221,1.3529,1.42445,0.000268938,0.000268938,0.000268938
125,4229.6,0.76516,0.88422,1.06474,0.95941,0.72222,0.80079,0.5559,1.3221,1.3529,1.42445,0.000259506,0.000259506,0.000259506
